capability,platform,lifecycle,provider_environment,signed_artifact,status,evidence,reason
apple-storekit,ios,foreground,sandbox,not recorded for current source snapshot,untested,../current-baseline.md,This documentation pass did not execute an exact signed artifact/provider scenario.
apple-storekit,ios,foreground,production,not recorded for current source snapshot,untested,../current-baseline.md,This documentation pass did not execute an exact signed artifact/provider scenario.
apple-storekit,ios,background,sandbox,not recorded for current source snapshot,untested,../current-baseline.md,This documentation pass did not execute an exact signed artifact/provider scenario.
apple-storekit,ios,background,production,not recorded for current source snapshot,untested,../current-baseline.md,This documentation pass did not execute an exact signed artifact/provider scenario.
apple-storekit,ios,terminated,sandbox,not recorded for current source snapshot,untested,../current-baseline.md,This documentation pass did not execute an exact signed artifact/provider scenario.
apple-storekit,ios,terminated,production,not recorded for current source snapshot,untested,../current-baseline.md,This documentation pass did not execute an exact signed artifact/provider scenario.
apple-storekit,ios,reinstall,sandbox,not recorded for current source snapshot,untested,../current-baseline.md,This documentation pass did not execute an exact signed artifact/provider scenario.
apple-storekit,ios,reinstall,production,not recorded for current source snapshot,untested,../current-baseline.md,This documentation pass did not execute an exact signed artifact/provider scenario.
google-play-billing,android,foreground,sandbox,not recorded for current source snapshot,untested,../current-baseline.md,This documentation pass did not execute an exact signed artifact/provider scenario.
google-play-billing,android,foreground,production,not recorded for current source snapshot,untested,../current-baseline.md,This documentation pass did not execute an exact signed artifact/provider scenario.
google-play-billing,android,background,sandbox,not recorded for current source snapshot,untested,../current-baseline.md,This documentation pass did not execute an exact signed artifact/provider scenario.
google-play-billing,android,background,production,not recorded for current source snapshot,untested,../current-baseline.md,This documentation pass did not execute an exact signed artifact/provider scenario.
google-play-billing,android,terminated,sandbox,not recorded for current source snapshot,untested,../current-baseline.md,This documentation pass did not execute an exact signed artifact/provider scenario.
google-play-billing,android,terminated,production,not recorded for current source snapshot,untested,../current-baseline.md,This documentation pass did not execute an exact signed artifact/provider scenario.
google-play-billing,android,reinstall,sandbox,not recorded for current source snapshot,untested,../current-baseline.md,This documentation pass did not execute an exact signed artifact/provider scenario.
google-play-billing,android,reinstall,production,not recorded for current source snapshot,untested,../current-baseline.md,This documentation pass did not execute an exact signed artifact/provider scenario.
push-registration-and-presentation,ios,foreground,test-or-staging,not recorded for current source snapshot,untested,../current-baseline.md,This documentation pass did not execute an exact signed artifact/provider scenario.
push-registration-and-presentation,ios,foreground,production,not recorded for current source snapshot,untested,../current-baseline.md,This documentation pass did not execute an exact signed artifact/provider scenario.
push-registration-and-presentation,ios,background,test-or-staging,not recorded for current source snapshot,untested,../current-baseline.md,This documentation pass did not execute an exact signed artifact/provider scenario.
push-registration-and-presentation,ios,background,production,not recorded for current source snapshot,untested,../current-baseline.md,This documentation pass did not execute an exact signed artifact/provider scenario.
push-registration-and-presentation,ios,terminated,test-or-staging,not recorded for current source snapshot,untested,../current-baseline.md,This documentation pass did not execute an exact signed artifact/provider scenario.
push-registration-and-presentation,ios,terminated,production,not recorded for current source snapshot,untested,../current-baseline.md,This documentation pass did not execute an exact signed artifact/provider scenario.
push-registration-and-presentation,ios,reinstall,test-or-staging,not recorded for current source snapshot,untested,../current-baseline.md,This documentation pass did not execute an exact signed artifact/provider scenario.
push-registration-and-presentation,ios,reinstall,production,not recorded for current source snapshot,untested,../current-baseline.md,This documentation pass did not execute an exact signed artifact/provider scenario.
push-registration-and-presentation,android,foreground,test-or-staging,not recorded for current source snapshot,untested,../current-baseline.md,This documentation pass did not execute an exact signed artifact/provider scenario.
push-registration-and-presentation,android,foreground,production,not recorded for current source snapshot,untested,../current-baseline.md,This documentation pass did not execute an exact signed artifact/provider scenario.
push-registration-and-presentation,android,background,test-or-staging,not recorded for current source snapshot,untested,../current-baseline.md,This documentation pass did not execute an exact signed artifact/provider scenario.
push-registration-and-presentation,android,background,production,not recorded for current source snapshot,untested,../current-baseline.md,This documentation pass did not execute an exact signed artifact/provider scenario.
push-registration-and-presentation,android,terminated,test-or-staging,not recorded for current source snapshot,untested,../current-baseline.md,This documentation pass did not execute an exact signed artifact/provider scenario.
push-registration-and-presentation,android,terminated,production,not recorded for current source snapshot,untested,../current-baseline.md,This documentation pass did not execute an exact signed artifact/provider scenario.
push-registration-and-presentation,android,reinstall,test-or-staging,not recorded for current source snapshot,untested,../current-baseline.md,This documentation pass did not execute an exact signed artifact/provider scenario.
push-registration-and-presentation,android,reinstall,production,not recorded for current source snapshot,untested,../current-baseline.md,This documentation pass did not execute an exact signed artifact/provider scenario.
attention-sound-and-haptics,ios,foreground,not-applicable,not recorded for current source snapshot,untested,../current-baseline.md,This documentation pass did not execute an exact signed artifact/provider scenario.
attention-sound-and-haptics,ios,background,not-applicable,not recorded for current source snapshot,untested,../current-baseline.md,This documentation pass did not execute an exact signed artifact/provider scenario.
attention-sound-and-haptics,ios,terminated,not-applicable,not recorded for current source snapshot,untested,../current-baseline.md,This documentation pass did not execute an exact signed artifact/provider scenario.
attention-sound-and-haptics,ios,reinstall,not-applicable,not recorded for current source snapshot,untested,../current-baseline.md,This documentation pass did not execute an exact signed artifact/provider scenario.
attention-sound-and-haptics,android,foreground,not-applicable,not recorded for current source snapshot,untested,../current-baseline.md,This documentation pass did not execute an exact signed artifact/provider scenario.
attention-sound-and-haptics,android,background,not-applicable,not recorded for current source snapshot,untested,../current-baseline.md,This documentation pass did not execute an exact signed artifact/provider scenario.
attention-sound-and-haptics,android,terminated,not-applicable,not recorded for current source snapshot,untested,../current-baseline.md,This documentation pass did not execute an exact signed artifact/provider scenario.
attention-sound-and-haptics,android,reinstall,not-applicable,not recorded for current source snapshot,untested,../current-baseline.md,This documentation pass did not execute an exact signed artifact/provider scenario.
trip-rtc-and-native-call,ios,foreground,test-or-staging,not recorded for current source snapshot,untested,../current-baseline.md,This documentation pass did not execute an exact signed artifact/provider scenario.
trip-rtc-and-native-call,ios,foreground,production,not recorded for current source snapshot,untested,../current-baseline.md,This documentation pass did not execute an exact signed artifact/provider scenario.
trip-rtc-and-native-call,ios,background,test-or-staging,not recorded for current source snapshot,untested,../current-baseline.md,This documentation pass did not execute an exact signed artifact/provider scenario.
trip-rtc-and-native-call,ios,background,production,not recorded for current source snapshot,untested,../current-baseline.md,This documentation pass did not execute an exact signed artifact/provider scenario.
trip-rtc-and-native-call,ios,terminated,test-or-staging,not recorded for current source snapshot,untested,../current-baseline.md,This documentation pass did not execute an exact signed artifact/provider scenario.
trip-rtc-and-native-call,ios,terminated,production,not recorded for current source snapshot,untested,../current-baseline.md,This documentation pass did not execute an exact signed artifact/provider scenario.
trip-rtc-and-native-call,ios,reinstall,test-or-staging,not recorded for current source snapshot,untested,../current-baseline.md,This documentation pass did not execute an exact signed artifact/provider scenario.
trip-rtc-and-native-call,ios,reinstall,production,not recorded for current source snapshot,untested,../current-baseline.md,This documentation pass did not execute an exact signed artifact/provider scenario.
trip-rtc-and-native-call,android,foreground,test-or-staging,not recorded for current source snapshot,untested,../current-baseline.md,This documentation pass did not execute an exact signed artifact/provider scenario.
trip-rtc-and-native-call,android,foreground,production,not recorded for current source snapshot,untested,../current-baseline.md,This documentation pass did not execute an exact signed artifact/provider scenario.
trip-rtc-and-native-call,android,background,test-or-staging,not recorded for current source snapshot,untested,../current-baseline.md,This documentation pass did not execute an exact signed artifact/provider scenario.
trip-rtc-and-native-call,android,background,production,not recorded for current source snapshot,untested,../current-baseline.md,This documentation pass did not execute an exact signed artifact/provider scenario.
trip-rtc-and-native-call,android,terminated,test-or-staging,not recorded for current source snapshot,untested,../current-baseline.md,This documentation pass did not execute an exact signed artifact/provider scenario.
trip-rtc-and-native-call,android,terminated,production,not recorded for current source snapshot,untested,../current-baseline.md,This documentation pass did not execute an exact signed artifact/provider scenario.
trip-rtc-and-native-call,android,reinstall,test-or-staging,not recorded for current source snapshot,untested,../current-baseline.md,This documentation pass did not execute an exact signed artifact/provider scenario.
trip-rtc-and-native-call,android,reinstall,production,not recorded for current source snapshot,untested,../current-baseline.md,This documentation pass did not execute an exact signed artifact/provider scenario.
realtime-handoff,ios,foreground,not-applicable,not recorded for current source snapshot,untested,../current-baseline.md,This documentation pass did not execute an exact signed artifact/provider scenario.
realtime-handoff,ios,background,not-applicable,not recorded for current source snapshot,untested,../current-baseline.md,This documentation pass did not execute an exact signed artifact/provider scenario.
realtime-handoff,ios,terminated,not-applicable,not recorded for current source snapshot,untested,../current-baseline.md,This documentation pass did not execute an exact signed artifact/provider scenario.
realtime-handoff,ios,reinstall,not-applicable,not recorded for current source snapshot,untested,../current-baseline.md,This documentation pass did not execute an exact signed artifact/provider scenario.
realtime-handoff,android,foreground,not-applicable,not recorded for current source snapshot,untested,../current-baseline.md,This documentation pass did not execute an exact signed artifact/provider scenario.
realtime-handoff,android,background,not-applicable,not recorded for current source snapshot,untested,../current-baseline.md,This documentation pass did not execute an exact signed artifact/provider scenario.
realtime-handoff,android,terminated,not-applicable,not recorded for current source snapshot,untested,../current-baseline.md,This documentation pass did not execute an exact signed artifact/provider scenario.
realtime-handoff,android,reinstall,not-applicable,not recorded for current source snapshot,untested,../current-baseline.md,This documentation pass did not execute an exact signed artifact/provider scenario.
app-attestation,ios,foreground,not-applicable,not recorded for current source snapshot,untested,../current-baseline.md,This documentation pass did not execute an exact signed artifact/provider scenario.
app-attestation,ios,background,not-applicable,not recorded for current source snapshot,untested,../current-baseline.md,This documentation pass did not execute an exact signed artifact/provider scenario.
app-attestation,ios,terminated,not-applicable,not recorded for current source snapshot,untested,../current-baseline.md,This documentation pass did not execute an exact signed artifact/provider scenario.
app-attestation,ios,reinstall,not-applicable,not recorded for current source snapshot,untested,../current-baseline.md,This documentation pass did not execute an exact signed artifact/provider scenario.
app-attestation,android,foreground,not-applicable,not recorded for current source snapshot,untested,../current-baseline.md,This documentation pass did not execute an exact signed artifact/provider scenario.
app-attestation,android,background,not-applicable,not recorded for current source snapshot,untested,../current-baseline.md,This documentation pass did not execute an exact signed artifact/provider scenario.
app-attestation,android,terminated,not-applicable,not recorded for current source snapshot,untested,../current-baseline.md,This documentation pass did not execute an exact signed artifact/provider scenario.
app-attestation,android,reinstall,not-applicable,not recorded for current source snapshot,untested,../current-baseline.md,This documentation pass did not execute an exact signed artifact/provider scenario.
installation-identity,ios,foreground,not-applicable,not recorded for current source snapshot,untested,../current-baseline.md,This documentation pass did not execute an exact signed artifact/provider scenario.
installation-identity,ios,background,not-applicable,not recorded for current source snapshot,untested,../current-baseline.md,This documentation pass did not execute an exact signed artifact/provider scenario.
installation-identity,ios,terminated,not-applicable,not recorded for current source snapshot,untested,../current-baseline.md,This documentation pass did not execute an exact signed artifact/provider scenario.
installation-identity,ios,reinstall,not-applicable,not recorded for current source snapshot,untested,../current-baseline.md,This documentation pass did not execute an exact signed artifact/provider scenario.
installation-identity,android,foreground,not-applicable,not recorded for current source snapshot,untested,../current-baseline.md,This documentation pass did not execute an exact signed artifact/provider scenario.
installation-identity,android,background,not-applicable,not recorded for current source snapshot,untested,../current-baseline.md,This documentation pass did not execute an exact signed artifact/provider scenario.
installation-identity,android,terminated,not-applicable,not recorded for current source snapshot,untested,../current-baseline.md,This documentation pass did not execute an exact signed artifact/provider scenario.
installation-identity,android,reinstall,not-applicable,not recorded for current source snapshot,untested,../current-baseline.md,This documentation pass did not execute an exact signed artifact/provider scenario.
secure-credentials-and-biometric,ios,foreground,not-applicable,not recorded for current source snapshot,untested,../current-baseline.md,This documentation pass did not execute an exact signed artifact/provider scenario.
secure-credentials-and-biometric,ios,background,not-applicable,not recorded for current source snapshot,untested,../current-baseline.md,This documentation pass did not execute an exact signed artifact/provider scenario.
secure-credentials-and-biometric,ios,terminated,not-applicable,not recorded for current source snapshot,untested,../current-baseline.md,This documentation pass did not execute an exact signed artifact/provider scenario.
secure-credentials-and-biometric,ios,reinstall,not-applicable,not recorded for current source snapshot,untested,../current-baseline.md,This documentation pass did not execute an exact signed artifact/provider scenario.
secure-credentials-and-biometric,android,foreground,not-applicable,not recorded for current source snapshot,untested,../current-baseline.md,This documentation pass did not execute an exact signed artifact/provider scenario.
secure-credentials-and-biometric,android,background,not-applicable,not recorded for current source snapshot,untested,../current-baseline.md,This documentation pass did not execute an exact signed artifact/provider scenario.
secure-credentials-and-biometric,android,terminated,not-applicable,not recorded for current source snapshot,untested,../current-baseline.md,This documentation pass did not execute an exact signed artifact/provider scenario.
secure-credentials-and-biometric,android,reinstall,not-applicable,not recorded for current source snapshot,untested,../current-baseline.md,This documentation pass did not execute an exact signed artifact/provider scenario.
social-native-sign-in,ios,foreground,not-applicable,not recorded for current source snapshot,untested,../current-baseline.md,This documentation pass did not execute an exact signed artifact/provider scenario.
social-native-sign-in,ios,background,not-applicable,not recorded for current source snapshot,untested,../current-baseline.md,This documentation pass did not execute an exact signed artifact/provider scenario.
social-native-sign-in,ios,terminated,not-applicable,not recorded for current source snapshot,untested,../current-baseline.md,This documentation pass did not execute an exact signed artifact/provider scenario.
social-native-sign-in,ios,reinstall,not-applicable,not recorded for current source snapshot,untested,../current-baseline.md,This documentation pass did not execute an exact signed artifact/provider scenario.
social-native-sign-in,android,foreground,not-applicable,not recorded for current source snapshot,untested,../current-baseline.md,This documentation pass did not execute an exact signed artifact/provider scenario.
social-native-sign-in,android,background,not-applicable,not recorded for current source snapshot,untested,../current-baseline.md,This documentation pass did not execute an exact signed artifact/provider scenario.
social-native-sign-in,android,terminated,not-applicable,not recorded for current source snapshot,untested,../current-baseline.md,This documentation pass did not execute an exact signed artifact/provider scenario.
social-native-sign-in,android,reinstall,not-applicable,not recorded for current source snapshot,untested,../current-baseline.md,This documentation pass did not execute an exact signed artifact/provider scenario.
foreground-location,ios,foreground,not-applicable,not recorded for current source snapshot,untested,../current-baseline.md,This documentation pass did not execute an exact signed artifact/provider scenario.
foreground-location,ios,background,not-applicable,not recorded for current source snapshot,untested,../current-baseline.md,This documentation pass did not execute an exact signed artifact/provider scenario.
foreground-location,ios,terminated,not-applicable,not recorded for current source snapshot,untested,../current-baseline.md,This documentation pass did not execute an exact signed artifact/provider scenario.
foreground-location,ios,reinstall,not-applicable,not recorded for current source snapshot,untested,../current-baseline.md,This documentation pass did not execute an exact signed artifact/provider scenario.
foreground-location,android,foreground,not-applicable,not recorded for current source snapshot,untested,../current-baseline.md,This documentation pass did not execute an exact signed artifact/provider scenario.
foreground-location,android,background,not-applicable,not recorded for current source snapshot,untested,../current-baseline.md,This documentation pass did not execute an exact signed artifact/provider scenario.
foreground-location,android,terminated,not-applicable,not recorded for current source snapshot,untested,../current-baseline.md,This documentation pass did not execute an exact signed artifact/provider scenario.
foreground-location,android,reinstall,not-applicable,not recorded for current source snapshot,untested,../current-baseline.md,This documentation pass did not execute an exact signed artifact/provider scenario.
background-trip-location,ios,foreground,not-applicable,not recorded for current source snapshot,untested,../current-baseline.md,This documentation pass did not execute an exact signed artifact/provider scenario.
background-trip-location,ios,background,not-applicable,not recorded for current source snapshot,untested,../current-baseline.md,This documentation pass did not execute an exact signed artifact/provider scenario.
background-trip-location,ios,terminated,not-applicable,not recorded for current source snapshot,untested,../current-baseline.md,This documentation pass did not execute an exact signed artifact/provider scenario.
background-trip-location,ios,reinstall,not-applicable,not recorded for current source snapshot,untested,../current-baseline.md,This documentation pass did not execute an exact signed artifact/provider scenario.
background-trip-location,android,foreground,not-applicable,not recorded for current source snapshot,untested,../current-baseline.md,This documentation pass did not execute an exact signed artifact/provider scenario.
background-trip-location,android,background,not-applicable,not recorded for current source snapshot,untested,../current-baseline.md,This documentation pass did not execute an exact signed artifact/provider scenario.
background-trip-location,android,terminated,not-applicable,not recorded for current source snapshot,untested,../current-baseline.md,This documentation pass did not execute an exact signed artifact/provider scenario.
background-trip-location,android,reinstall,not-applicable,not recorded for current source snapshot,untested,../current-baseline.md,This documentation pass did not execute an exact signed artifact/provider scenario.
google-map-rendering,ios,foreground,not-applicable,not recorded for current source snapshot,untested,../current-baseline.md,This documentation pass did not execute an exact signed artifact/provider scenario.
google-map-rendering,ios,background,not-applicable,not recorded for current source snapshot,untested,../current-baseline.md,This documentation pass did not execute an exact signed artifact/provider scenario.
google-map-rendering,ios,terminated,not-applicable,not recorded for current source snapshot,untested,../current-baseline.md,This documentation pass did not execute an exact signed artifact/provider scenario.
google-map-rendering,ios,reinstall,not-applicable,not recorded for current source snapshot,untested,../current-baseline.md,This documentation pass did not execute an exact signed artifact/provider scenario.
google-map-rendering,android,foreground,not-applicable,not recorded for current source snapshot,untested,../current-baseline.md,This documentation pass did not execute an exact signed artifact/provider scenario.
google-map-rendering,android,background,not-applicable,not recorded for current source snapshot,untested,../current-baseline.md,This documentation pass did not execute an exact signed artifact/provider scenario.
google-map-rendering,android,terminated,not-applicable,not recorded for current source snapshot,untested,../current-baseline.md,This documentation pass did not execute an exact signed artifact/provider scenario.
google-map-rendering,android,reinstall,not-applicable,not recorded for current source snapshot,untested,../current-baseline.md,This documentation pass did not execute an exact signed artifact/provider scenario.
capture-picker-cropper,ios,foreground,not-applicable,not recorded for current source snapshot,untested,../current-baseline.md,This documentation pass did not execute an exact signed artifact/provider scenario.
capture-picker-cropper,ios,background,not-applicable,not recorded for current source snapshot,untested,../current-baseline.md,This documentation pass did not execute an exact signed artifact/provider scenario.
capture-picker-cropper,ios,terminated,not-applicable,not recorded for current source snapshot,untested,../current-baseline.md,This documentation pass did not execute an exact signed artifact/provider scenario.
capture-picker-cropper,ios,reinstall,not-applicable,not recorded for current source snapshot,untested,../current-baseline.md,This documentation pass did not execute an exact signed artifact/provider scenario.
capture-picker-cropper,android,foreground,not-applicable,not recorded for current source snapshot,untested,../current-baseline.md,This documentation pass did not execute an exact signed artifact/provider scenario.
capture-picker-cropper,android,background,not-applicable,not recorded for current source snapshot,untested,../current-baseline.md,This documentation pass did not execute an exact signed artifact/provider scenario.
capture-picker-cropper,android,terminated,not-applicable,not recorded for current source snapshot,untested,../current-baseline.md,This documentation pass did not execute an exact signed artifact/provider scenario.
capture-picker-cropper,android,reinstall,not-applicable,not recorded for current source snapshot,untested,../current-baseline.md,This documentation pass did not execute an exact signed artifact/provider scenario.
private-upload-and-export,ios,foreground,not-applicable,not recorded for current source snapshot,untested,../current-baseline.md,This documentation pass did not execute an exact signed artifact/provider scenario.
private-upload-and-export,ios,background,not-applicable,not recorded for current source snapshot,untested,../current-baseline.md,This documentation pass did not execute an exact signed artifact/provider scenario.
private-upload-and-export,ios,terminated,not-applicable,not recorded for current source snapshot,untested,../current-baseline.md,This documentation pass did not execute an exact signed artifact/provider scenario.
private-upload-and-export,ios,reinstall,not-applicable,not recorded for current source snapshot,untested,../current-baseline.md,This documentation pass did not execute an exact signed artifact/provider scenario.
private-upload-and-export,android,foreground,not-applicable,not recorded for current source snapshot,untested,../current-baseline.md,This documentation pass did not execute an exact signed artifact/provider scenario.
private-upload-and-export,android,background,not-applicable,not recorded for current source snapshot,untested,../current-baseline.md,This documentation pass did not execute an exact signed artifact/provider scenario.
private-upload-and-export,android,terminated,not-applicable,not recorded for current source snapshot,untested,../current-baseline.md,This documentation pass did not execute an exact signed artifact/provider scenario.
private-upload-and-export,android,reinstall,not-applicable,not recorded for current source snapshot,untested,../current-baseline.md,This documentation pass did not execute an exact signed artifact/provider scenario.
deep-link-and-external-return,ios,foreground,not-applicable,not recorded for current source snapshot,untested,../current-baseline.md,This documentation pass did not execute an exact signed artifact/provider scenario.
deep-link-and-external-return,ios,background,not-applicable,not recorded for current source snapshot,untested,../current-baseline.md,This documentation pass did not execute an exact signed artifact/provider scenario.
deep-link-and-external-return,ios,terminated,not-applicable,not recorded for current source snapshot,untested,../current-baseline.md,This documentation pass did not execute an exact signed artifact/provider scenario.
deep-link-and-external-return,ios,reinstall,not-applicable,not recorded for current source snapshot,untested,../current-baseline.md,This documentation pass did not execute an exact signed artifact/provider scenario.
deep-link-and-external-return,android,foreground,not-applicable,not recorded for current source snapshot,untested,../current-baseline.md,This documentation pass did not execute an exact signed artifact/provider scenario.
deep-link-and-external-return,android,background,not-applicable,not recorded for current source snapshot,untested,../current-baseline.md,This documentation pass did not execute an exact signed artifact/provider scenario.
deep-link-and-external-return,android,terminated,not-applicable,not recorded for current source snapshot,untested,../current-baseline.md,This documentation pass did not execute an exact signed artifact/provider scenario.
deep-link-and-external-return,android,reinstall,not-applicable,not recorded for current source snapshot,untested,../current-baseline.md,This documentation pass did not execute an exact signed artifact/provider scenario.
social-and-password-manager-input,ios,foreground,not-applicable,not recorded for current source snapshot,untested,../current-baseline.md,This documentation pass did not execute an exact signed artifact/provider scenario.
social-and-password-manager-input,ios,background,not-applicable,not recorded for current source snapshot,untested,../current-baseline.md,This documentation pass did not execute an exact signed artifact/provider scenario.
social-and-password-manager-input,ios,terminated,not-applicable,not recorded for current source snapshot,untested,../current-baseline.md,This documentation pass did not execute an exact signed artifact/provider scenario.
social-and-password-manager-input,ios,reinstall,not-applicable,not recorded for current source snapshot,untested,../current-baseline.md,This documentation pass did not execute an exact signed artifact/provider scenario.
social-and-password-manager-input,android,foreground,not-applicable,not recorded for current source snapshot,untested,../current-baseline.md,This documentation pass did not execute an exact signed artifact/provider scenario.
social-and-password-manager-input,android,background,not-applicable,not recorded for current source snapshot,untested,../current-baseline.md,This documentation pass did not execute an exact signed artifact/provider scenario.
social-and-password-manager-input,android,terminated,not-applicable,not recorded for current source snapshot,untested,../current-baseline.md,This documentation pass did not execute an exact signed artifact/provider scenario.
social-and-password-manager-input,android,reinstall,not-applicable,not recorded for current source snapshot,untested,../current-baseline.md,This documentation pass did not execute an exact signed artifact/provider scenario.
play-in-app-update,android,foreground,not-applicable,not recorded for current source snapshot,untested,../current-baseline.md,This documentation pass did not execute an exact signed artifact/provider scenario.
play-in-app-update,android,background,not-applicable,not recorded for current source snapshot,untested,../current-baseline.md,This documentation pass did not execute an exact signed artifact/provider scenario.
play-in-app-update,android,terminated,not-applicable,not recorded for current source snapshot,untested,../current-baseline.md,This documentation pass did not execute an exact signed artifact/provider scenario.
play-in-app-update,android,reinstall,not-applicable,not recorded for current source snapshot,untested,../current-baseline.md,This documentation pass did not execute an exact signed artifact/provider scenario.
restricted-content-protection,ios,foreground,not-applicable,not recorded for current source snapshot,untested,../current-baseline.md,This documentation pass did not execute an exact signed artifact/provider scenario.
restricted-content-protection,ios,background,not-applicable,not recorded for current source snapshot,untested,../current-baseline.md,This documentation pass did not execute an exact signed artifact/provider scenario.
restricted-content-protection,ios,terminated,not-applicable,not recorded for current source snapshot,untested,../current-baseline.md,This documentation pass did not execute an exact signed artifact/provider scenario.
restricted-content-protection,ios,reinstall,not-applicable,not recorded for current source snapshot,untested,../current-baseline.md,This documentation pass did not execute an exact signed artifact/provider scenario.
restricted-content-protection,android,foreground,not-applicable,not recorded for current source snapshot,untested,../current-baseline.md,This documentation pass did not execute an exact signed artifact/provider scenario.
restricted-content-protection,android,background,not-applicable,not recorded for current source snapshot,untested,../current-baseline.md,This documentation pass did not execute an exact signed artifact/provider scenario.
restricted-content-protection,android,terminated,not-applicable,not recorded for current source snapshot,untested,../current-baseline.md,This documentation pass did not execute an exact signed artifact/provider scenario.
restricted-content-protection,android,reinstall,not-applicable,not recorded for current source snapshot,untested,../current-baseline.md,This documentation pass did not execute an exact signed artifact/provider scenario.
